{"stats":{"minecraft:killed":{"minecraft:spider":1,"minecraft:cow":1},"minecraft:used":{"minecraft:dirt":13},"minecraft:picked_up":{"minecraft:wheat_seeds":1,"minecraft:beef":1,"minecraft:oak_log":11,"minecraft:dirt":13},"minecraft:mined":{"minecraft:grass":12,"minecraft:grass_block":13,"minecraft:oak_log":11,"minecraft:oak_leaves":1},"minecraft:crafted":{"minecraft:oak_planks":44},"minecraft:custom":{"minecraft:time_since_rest":9216,"minecraft:crouch_one_cm":364,"minecraft:play_time":9216,"minecraft:sprint_one_cm":6486,"minecraft:damage_taken":185,"minecraft:walk_one_cm":19312,"minecraft:sneak_time":114,"minecraft:mob_kills":3,"minecraft:jump":80,"minecraft:damage_dealt":349,"minecraft:leave_game":1,"minecraft:time_since_death":9216,"minecraft:total_world_time":9216,"minecraft:fall_one_cm":2055,"minecraft:fly_one_cm":14056}},"DataVersion":2975}