{"stats":{"minecraft:killed":{"minecraft:sheep":1,"minecraft:spider":1,"minecraft:cow":1},"minecraft:used":{"minecraft:dirt":13},"minecraft:picked_up":{"minecraft:wheat_seeds":1,"minecraft:beef":1,"minecraft:oak_log":11,"minecraft:mutton":1,"minecraft:white_wool":1,"minecraft:dirt":13},"minecraft:mined":{"minecraft:grass":12,"minecraft:grass_block":13,"minecraft:oak_log":11,"minecraft:oak_leaves":1},"minecraft:crafted":{"minecraft:oak_planks":44},"minecraft:custom":{"minecraft:time_since_rest":10568,"minecraft:crouch_one_cm":364,"minecraft:sprint_one_cm":9901,"minecraft:play_time":10568,"minecraft:damage_taken":185,"minecraft:walk_one_cm":21746,"minecraft:sneak_time":114,"minecraft:mob_kills":4,"minecraft:jump":104,"minecraft:damage_dealt":430,"minecraft:leave_game":2,"minecraft:time_since_death":10568,"minecraft:total_world_time":10568,"minecraft:fall_one_cm":2055,"minecraft:fly_one_cm":21348}},"DataVersion":2975}